,,Total Budget,,,,,,Budget currency,,,,,,,,,,,,,,,,,USD at budget exchange rate: 17.2,,,,,,,,,,,,
,,2026 Cancun,,,,,," $ 1,503,560.78 "," $ 1,457,680.78 "," $ 1,333,110.78 "," $ 1,334,910.78 "," $ 1,278,560.78 "," $ 1,262,460.78 "," $ 1,308,180.78 "," $ 1,220,375.78 "," $ 1,203,260.78 "," $ 1,238,860.78 "," $ 1,275,260.78 "," $ 1,134,025.78 "," $ 15,550,249.36 ",,,,," $ 87,416.32 "," $ 84,748.88 "," $ 77,506.44 "," $ 77,611.09 "," $ 74,334.93 "," $ 73,398.88 "," $ 76,057.02 "," $ 70,952.08 "," $ 69,957.02 "," $ 72,026.79 "," $ 74,143.07 "," $ 65,931.73 "," $ 904,084.27 "
Budget,KEY,US Netsuite Category,Producto,Clase,Dato estadistico: Presupuesto,Description,Additional Desc. (optional),January MXN,February MXN,March MXN,April MXN,May MXN,June MXN,July MXN,August MXN,September MXN,October MXN,November MXN,December MXN,2026 Total MXN,,,,,January USD,February USD,March USD,April USD,May USD,June USD,July USD,August USD,September USD,October USD,November USD,December USD,2026 Total USD
Cancun,1001,International Operations,OPERACIONES CUN,OPERACIONES DEL SITIO,Comisiones Bancarias,"
Banking commissions","Comision Banorte, One card, PNC"," $ 2,000.00 "," $ 2,000.00 "," $ 2,000.00 "," $ 2,000.00 "," $ 2,000.00 "," $ 2,000.00 "," $ 2,000.00 "," $ 2,000.00 "," $ 2,000.00 "," $ 2,000.00 "," $ 2,000.00 "," $ 2,000.00 "," $ 24,000.00 ",,,,, $ 116.28 , $ 116.28 , $ 116.28 , $ 116.28 , $ 116.28 , $ 116.28 , $ 116.28 , $ 116.28 , $ 116.28 , $ 116.28 , $ 116.28 , $ 116.28 ," $ 1,395.35 "
Cancun,1002,International Operations,OPERACIONES CUN,OPERACIONES DEL SITIO,Papelería y Artes de Oficina,Stationery and general office supplies,Papelería y artículos de oficina / Mantenimiento y equipo de oficina," $ 4,460.00 "," $ 4,460.00 "," $ 4,460.00 "," $ 4,460.00 "," $ 4,460.00 "," $ 4,460.00 "," $ 4,460.00 ",," $ 4,460.00 "," $ 4,460.00 "," $ 4,460.00 ",," $ 44,600.00 ",,,,, $ 259.30 , $ 259.30 , $ 259.30 , $ 259.30 , $ 259.30 , $ 259.30 , $ 259.30 ,, $ 259.30 , $ 259.30 , $ 259.30 ,," $ 2,593.02 "
Cancun,1003,International Operations,OPERACIONES CUN,OPERACIONES DEL SITIO,Alimentos,Memberships,"Membresias Sams, Costco entre otros.",," $ 1,920.00 ",,,,," $ 1,920.00 ",,,,,," $ 3,840.00 ",,,,,, $ 111.63 ,,,,, $ 111.63 ,,,,,, $ 223.26 
Cancun,1004,International Operations,OPERACIONES CUN,OPERACIONES DEL SITIO,Paquetería y Envíos,Sending Files MX Central office and sites,Envío de archivos a oficina central y otros sitios,,,,,,,,,,," $ 5,000.00 ",," $ 5,000.00 ",,,,,,,,,,,,,,, $ 290.70 ,, $ 290.70 
Cancun,1005,International Operations,OPERACIONES CUN,OPERACIONES DEL SITIO,Telefonía y Celulares,Cell Phone/Internet Staff,Plan empresarial Telcel," $ 1,716.00 "," $ 1,716.00 "," $ 1,716.00 "," $ 1,716.00 "," $ 1,716.00 "," $ 1,716.00 "," $ 1,716.00 "," $ 1,716.00 "," $ 1,716.00 "," $ 1,716.00 "," $ 1,716.00 "," $ 1,716.00 "," $ 20,592.00 ",,,,, $ 99.77 , $ 99.77 , $ 99.77 , $ 99.77 , $ 99.77 , $ 99.77 , $ 99.77 , $ 99.77 , $ 99.77 , $ 99.77 , $ 99.77 , $ 99.77 ," $ 1,197.21 "
Cancun,1006,International Operations,OPERACIONES CUN,OPERACIONES DEL SITIO,Electricidad,Electricity,Servicio CFE, $ 248.00 , $ 248.00 , $ 248.00 , $ 248.00 , $ 248.00 , $ 248.00 , $ 248.00 , $ 248.00 , $ 248.00 , $ 248.00 , $ 248.00 , $ 248.00 ," $ 2,976.00 ",,,,, $ 14.42 , $ 14.42 , $ 14.42 , $ 14.42 , $ 14.42 , $ 14.42 , $ 14.42 , $ 14.42 , $ 14.42 , $ 14.42 , $ 14.42 , $ 14.42 , $ 173.02 
Cancun,1007,International Operations,OPERACIONES CUN,OPERACIONES DEL SITIO,Alimentos,Housing for staff and visitors in the team house,Alojamiento de personal y visitante en la casa de grupo," $ 1,000.00 "," $ 1,000.00 "," $ 1,000.00 "," $ 1,000.00 "," $ 1,000.00 "," $ 1,000.00 "," $ 1,000.00 "," $ 1,000.00 "," $ 1,000.00 "," $ 1,000.00 "," $ 1,000.00 "," $ 1,000.00 "," $ 12,000.00 ",,,,, $ 58.14 , $ 58.14 , $ 58.14 , $ 58.14 , $ 58.14 , $ 58.14 , $ 58.14 , $ 58.14 , $ 58.14 , $ 58.14 , $ 58.14 , $ 58.14 , $ 697.67 
Cancun,1008,International Operations,OPERACIONES CUN,OPERACIONES DEL SITIO,Camisetas de Staff,Staff Tshirts,Camisas para el personal,,,," $ 25,000.00 ",,,,,,,,," $ 25,000.00 ",,,,,,,," $ 1,453.49 ",,,,,,,,," $ 1,453.49 "
Cancun,1009,International Operations,OPERACIONES CUN,OPERACIONES DEL SITIO,Celebraciones,Celebrations,"Aniversarios, cumpleaños, reconocimientos, festejos (amor y la amistad, día de las madres, día del padre, independencia US,MX, acción de gracias, navidad)"," $ 3,000.00 "," $ 5,000.00 "," $ 3,000.00 "," $ 3,000.00 "," $ 8,000.00 "," $ 5,000.00 "," $ 5,000.00 "," $ 6,000.00 "," $ 3,000.00 "," $ 3,000.00 "," $ 19,000.00 ",," $ 63,000.00 ",,,,, $ 174.42 , $ 290.70 , $ 174.42 , $ 174.42 , $ 465.12 , $ 290.70 , $ 290.70 , $ 348.84 , $ 174.42 , $ 174.42 ," $ 1,104.65 ",," $ 3,662.79 "
Cancun,1010,International Operations,OPERACIONES CUN,OPERACIONES DEL SITIO,Alimentos,Staff Community Meals,Comidas comunitarias para el personal," $ 1,500.00 "," $ 1,500.00 "," $ 1,500.00 "," $ 1,500.00 "," $ 1,500.00 "," $ 1,500.00 "," $ 1,500.00 "," $ 1,500.00 "," $ 1,500.00 "," $ 1,500.00 "," $ 10,000.00 "," $ 1,500.00 "," $ 26,500.00 ",,,,, $ 87.21 , $ 87.21 , $ 87.21 , $ 87.21 , $ 87.21 , $ 87.21 , $ 87.21 , $ 87.21 , $ 87.21 , $ 87.21 , $ 581.40 , $ 87.21 ," $ 1,540.70 "
Cancun,1011,International Operations,OPERACIONES CUN,OPERACIONES DEL SITIO,Retiro del Staff,Staff Retreat,Retiro e integracion del personal,,," $ 40,000.00 ",,,,,,,,,," $ 40,000.00 ",,,,,,," $ 2,325.58 ",,,,,,,,,," $ 2,325.58 "
Cancun,1012,International Operations,OPERACIONES CUN,OPERACIONES DEL SITIO,Coordinación,Site leadership expenses,Liderazgo del sitio,," $ 20,000.00 ",,,,,,,,,,," $ 20,000.00 ",,,,,," $ 1,162.79 ",,,,,,,,,,," $ 1,162.79 "
Cancun,1013,International Operations,OPERACIONES CUN,OPERACIONES DEL SITIO,Seguros y Fianzas,Propety Insurance,Seguro de propiedad," $ 36,500.00 ",," $ 80,500.00 ",,,,,,,,,," $ 117,000.00 ",,,,," $ 2,122.09 ",," $ 4,680.23 ",,,,,,,,,," $ 6,802.33 "
Cancun,1014,International Operations,OPERACIONES CUN,OPERACIONES DEL SITIO,Mtto. a Instalaciones,Fire Protection,Mantenimiento y proteccion general para incendios,," $ 40,000.00 ",," $ 40,000.00 ",,,,,,,,," $ 80,000.00 ",,,,,," $ 2,325.58 ",," $ 2,325.58 ",,,,,,,,," $ 4,651.16 "
Cancun,1015,International Operations,OPERACIONES CUN,OPERACIONES DEL SITIO,Gastos Médicos,Medical Fund,Emergencias médicas para el personal," $ 4,000.00 "," $ 4,000.00 "," $ 4,000.00 "," $ 4,000.00 "," $ 4,000.00 "," $ 4,000.00 "," $ 4,000.00 "," $ 4,000.00 "," $ 4,000.00 "," $ 4,000.00 "," $ 4,000.00 "," $ 4,000.00 "," $ 48,000.00 ",,,,, $ 232.56 , $ 232.56 , $ 232.56 , $ 232.56 , $ 232.56 , $ 232.56 , $ 232.56 , $ 232.56 , $ 232.56 , $ 232.56 , $ 232.56 , $ 232.56 ," $ 2,790.70 "
Cancun,1016,International Operations,OPERACIONES CUN,OPERACIONES DEL SITIO,Internet,Intermet,Intermet, $ 155.00 , $ 155.00 , $ 155.00 , $ 155.00 , $ 155.00 , $ 155.00 , $ 155.00 , $ 155.00 , $ 155.00 , $ 155.00 , $ 155.00 , $ 155.00 ," $ 1,860.00 ",,,,, $ 9.01 , $ 9.01 , $ 9.01 , $ 9.01 , $ 9.01 , $ 9.01 , $ 9.01 , $ 9.01 , $ 9.01 , $ 9.01 , $ 9.01 , $ 9.01 , $ 108.14 
Cancun,1017,International Operations,OPERACIONES CUN,OPERACIONES DEL SITIO,Equipo de Cómputo,Microsoft Office License (1yr),"Licencias microsoft
3 licencias de equipo"," $ 6,900.00 ",,,,,,,,,,,," $ 6,900.00 ",,,,, $ 401.16 ,,,,,,,,,,,, $ 401.16 
Cancun,1018,International Operations,OPERACIONES CUN,OPERACIONES DEL SITIO,Capacitaciones,"Strategic awareness-raising and outreach events - Night of Hope, Orphan Day, Family Day","Eventos estratégicos de sensibilización y vinculación - Noche de Esperanza, Día del huérfano, día de la familia",,,,," $ 15,000.00 ",,,,," $ 10,000.00 "," $ 15,000.00 ",," $ 40,000.00 ",,,,,,,,, $ 872.09 ,,,,, $ 581.40 , $ 872.09 ,," $ 2,325.58 "
Cancun,1019,,,,,,,,,,,,,,,,,,,,,,,,,,,,,,,,,,,,
Cancun,1020,International Operations,OPERACIONES CUN,OPERACIONES DEL SITIO,Mtto. a Instalaciones,Facilities maitenance,"Mantenimiento del CCTR
(Reparacion, alumbrado, grietas, desague, retiro de salitre, entre otros)"," $ 4,000.00 "," $ 4,000.00 "," $ 4,000.00 "," $ 4,000.00 "," $ 4,000.00 "," $ 4,000.00 "," $ 4,000.00 "," $ 4,000.00 "," $ 4,000.00 "," $ 4,000.00 "," $ 4,000.00 "," $ 4,000.00 "," $ 48,000.00 ",,,,, $ 232.56 , $ 232.56 , $ 232.56 , $ 232.56 , $ 232.56 , $ 232.56 , $ 232.56 , $ 232.56 , $ 232.56 , $ 232.56 , $ 232.56 , $ 232.56 ," $ 2,790.70 "
Cancun,1021,International Operations,OPERACIONES CUN,OPERACIONES DEL SITIO,Entrenamientos,Training for general services staff,"Capacitación en servicios generales
Adquisicion de conocimiento, habilidades y destrezas para el personal en Mantenimiento",," $ 15,000.00 ",,,,,,,,,,," $ 15,000.00 ",,,,,, $ 872.09 ,,,,,,,,,,, $ 872.09 
Cancun,1022,International Operations,OPERACIONES CUN,OPERACIONES DEL SITIO,Entrenamientos,Tranings for staff,Entrenamientos para staff,," $ 20,000.00 ",,,,,,,,,,," $ 20,000.00 ",,,,,," $ 1,162.79 ",,,,,,,,,,," $ 1,162.79 "
Cancun,1023,International Operations,OPERACIONES CUN,OPERACIONES DEL SITIO,Protección Civil,Civil protection,"Protección civil
Tramites, Taller, asesorias"," $ 40,000.00 ",,," $ 4,100.00 ",,,,,," $ 4,100.00 ",,," $ 48,200.00 ",,,,," $ 2,325.58 ",,, $ 238.37 ,,,,,, $ 238.37 ,,," $ 2,802.33 "
Cancun,1024,International Operations,OPERACIONES CUN,OPERACIONES DEL SITIO,Productos de Limpieza,"Cleaning, hygiene, and maintenance supplies","Suministros de limpieza, higiene y mantenimiento"," $ 4,300.00 "," $ 4,300.00 "," $ 4,300.00 "," $ 4,300.00 "," $ 4,300.00 "," $ 4,300.00 "," $ 4,300.00 "," $ 4,300.00 "," $ 4,300.00 "," $ 4,300.00 "," $ 4,300.00 "," $ 4,300.00 "," $ 51,600.00 ",,,,, $ 250.00 , $ 250.00 , $ 250.00 , $ 250.00 , $ 250.00 , $ 250.00 , $ 250.00 , $ 250.00 , $ 250.00 , $ 250.00 , $ 250.00 , $ 250.00 ," $ 3,000.00 "
Cancun,1025,International Operations,OPERACIONES CUN,OPERACIONES DEL SITIO,Productos de Limpieza,Cleaning materials,Equipamento de limpieza," $ 15,000.00 ",,,,,,,,,,,," $ 15,000.00 ",,,,, $ 872.09 ,,,,,,,,,,,, $ 872.09 
Cancun,1026,International Operations,OPERACIONES CUN,OPERACIONES DEL SITIO,Ayuda Asistencial,Shopping,Propinas, $ 100.00 , $ 100.00 , $ 100.00 , $ 100.00 , $ 100.00 , $ 100.00 , $ 100.00 , $ 100.00 , $ 100.00 , $ 100.00 , $ 100.00 , $ 100.00 ," $ 1,200.00 ",,,,, $ 5.81 , $ 5.81 , $ 5.81 , $ 5.81 , $ 5.81 , $ 5.81 , $ 5.81 , $ 5.81 , $ 5.81 , $ 5.81 , $ 5.81 , $ 5.81 , $ 69.77 
Cancun,1027,International Operations,OPERACIONES CUN,OPERACIONES DEL SITIO,Alimentos,Staff meetings,Insumos para staff," $ 3,000.00 "," $ 3,000.00 "," $ 3,000.00 "," $ 3,000.00 "," $ 3,000.00 "," $ 3,000.00 "," $ 3,000.00 "," $ 3,000.00 "," $ 3,000.00 "," $ 3,000.00 "," $ 3,000.00 "," $ 3,000.00 "," $ 36,000.00 ",,,,, $ 174.42 , $ 174.42 , $ 174.42 , $ 174.42 , $ 174.42 , $ 174.42 , $ 174.42 , $ 174.42 , $ 174.42 , $ 174.42 , $ 174.42 , $ 174.42 ," $ 2,093.02 "
Cancun,1028,International Operations,OPERACIONES CUN,OPERACIONES DEL SITIO,Gastos Médicos,Medical equipment and medical equipment maintenance,Equipamiento médico y mantenimiento a equipo médico," $ 20,000.00 ",,," $ 5,000.00 ",,,,," $ 5,000.00 ",,,," $ 30,000.00 ",,,,," $ 1,162.79 ",,, $ 290.70 ,,,,, $ 290.70 ,,,," $ 1,744.19 "
Cancun,1029,International Operations,OPERACIONES CUN,OPERACIONES DEL SITIO,Agua,Drinking Water,Agua para beber," $ 1,650.00 "," $ 1,650.00 "," $ 1,650.00 "," $ 1,650.00 "," $ 1,650.00 "," $ 1,650.00 "," $ 1,650.00 "," $ 1,650.00 "," $ 1,650.00 "," $ 1,650.00 "," $ 1,650.00 "," $ 1,650.00 "," $ 19,800.00 ",,,,, $ 95.93 , $ 95.93 , $ 95.93 , $ 95.93 , $ 95.93 , $ 95.93 , $ 95.93 , $ 95.93 , $ 95.93 , $ 95.93 , $ 95.93 , $ 95.93 ," $ 1,151.16 "
Cancun,1030,International Operations,OPERACIONES CUN,OPERACIONES DEL SITIO,Gas LP,Propane -Propano,Gas LP para la preparacion de los alimentos, $ 150.00 , $ 150.00 , $ 150.00 , $ 150.00 , $ 150.00 , $ 150.00 , $ 150.00 ,, $ 150.00 , $ 150.00 , $ 150.00 ,," $ 1,500.00 ",,,,, $ 8.72 , $ 8.72 , $ 8.72 , $ 8.72 , $ 8.72 , $ 8.72 , $ 8.72 ,, $ 8.72 , $ 8.72 , $ 8.72 ,, $ 87.21 
Cancun,1031,International Operations,OPERACIONES CUN,OPERACIONES DEL SITIO,Mtto. a Instalaciones,Trash,Basura, $ 400.00 , $ 400.00 , $ 400.00 , $ 400.00 , $ 400.00 , $ 400.00 , $ 400.00 , $ 400.00 , $ 400.00 , $ 400.00 , $ 400.00 , $ 400.00 ," $ 4,800.00 ",,,,, $ 23.26 , $ 23.26 , $ 23.26 , $ 23.26 , $ 23.26 , $ 23.26 , $ 23.26 , $ 23.26 , $ 23.26 , $ 23.26 , $ 23.26 , $ 23.26 , $ 279.07 
Cancun,1032,International Operations,OPERACIONES CUN,OPERACIONES DEL SITIO,Brigadas Médicas,Medical brigades,Brigadas médicas,,," $ 15,000.00 ",,,,," $ 15,000.00 ",,,,," $ 30,000.00 ",,,,,,, $ 872.09 ,,,,, $ 872.09 ,,,,," $ 1,744.19 "
Cancun,1033,International Operations,OPERACIONES CUN,OPERACIONES DEL SITIO,Entrenamientos,"Development for staff, books, courses, dev for staff",Crecimiento del personal - material," $ 4,500.00 "," $ 4,500.00 "," $ 4,500.00 "," $ 4,500.00 "," $ 4,500.00 "," $ 4,500.00 "," $ 4,500.00 "," $ 4,500.00 "," $ 4,500.00 "," $ 4,500.00 "," $ 4,500.00 "," $ 4,500.00 "," $ 54,000.00 ",,,,, $ 261.63 , $ 261.63 , $ 261.63 , $ 261.63 , $ 261.63 , $ 261.63 , $ 261.63 , $ 261.63 , $ 261.63 , $ 261.63 , $ 261.63 , $ 261.63 ," $ 3,139.53 "
Cancun,1034,International Operations,OPERACIONES CUN,OPERACIONES DEL SITIO,Entrenamientos,"Trainings - life in limbo, children's rights, working genius",Vida en limbo/working Genius/children´s rights training,," $ 12,000.00 ",,," $ 12,000.00 ",,,,," $ 12,000.00 ",,," $ 36,000.00 ",,,,,, $ 697.67 ,,, $ 697.67 ,,,,, $ 697.67 ,,," $ 2,093.02 "
Cancun,1035,,,,,,,,,,,,,,,,,,,,,,,,,,,,,,,,,,,,
Cancun,1036,International Operations,OPERACIONES CUN,OPERACIONES DEL SITIO,Gasolina,Fuel,Gasolina," $ 1,860.00 "," $ 1,860.00 "," $ 1,860.00 "," $ 1,860.00 "," $ 1,860.00 "," $ 1,860.00 "," $ 1,860.00 "," $ 1,860.00 "," $ 1,860.00 "," $ 1,860.00 "," $ 1,860.00 "," $ 1,860.00 "," $ 22,320.00 ",,,,, $ 108.14 , $ 108.14 , $ 108.14 , $ 108.14 , $ 108.14 , $ 108.14 , $ 108.14 , $ 108.14 , $ 108.14 , $ 108.14 , $ 108.14 , $ 108.14 ," $ 1,297.67 "
Cancun,1037,International Operations,OPERACIONES CUN,OPERACIONES DEL SITIO,Seguros y Fianzas,Insurance & Plates,Tenencias y seguro de vehículos, $ 930.00 , $ 930.00 , $ 930.00 , $ 930.00 , $ 930.00 , $ 930.00 , $ 930.00 , $ 930.00 , $ 930.00 , $ 930.00 , $ 930.00 , $ 930.00 ," $ 11,160.00 ",,,,, $ 54.07 , $ 54.07 , $ 54.07 , $ 54.07 , $ 54.07 , $ 54.07 , $ 54.07 , $ 54.07 , $ 54.07 , $ 54.07 , $ 54.07 , $ 54.07 , $ 648.84 
Cancun,1038,International Operations,OPERACIONES CUN,OPERACIONES DEL SITIO,Mtto. Eq de Transporte,Vehicles maintenance,Mantenimiento de vehículos, $ 775.00 , $ 775.00 , $ 775.00 , $ 775.00 , $ 775.00 , $ 775.00 , $ 775.00 , $ 775.00 , $ 775.00 , $ 775.00 , $ 775.00 , $ 775.00 ," $ 9,300.00 ",,,,, $ 45.06 , $ 45.06 , $ 45.06 , $ 45.06 , $ 45.06 , $ 45.06 , $ 45.06 , $ 45.06 , $ 45.06 , $ 45.06 , $ 45.06 , $ 45.06 , $ 540.70 
Cancun,1039,International Operations,OPERACIONES CUN,OPERACIONES DEL SITIO,Otros Impuestos y Derechos,Chofer License,Licencias de conducir, $ 250.00 , $ 250.00 , $ 250.00 , $ 250.00 , $ 250.00 , $ 250.00 , $ 250.00 , $ 250.00 , $ 250.00 , $ 250.00 , $ 250.00 , $ 250.00 ," $ 3,000.00 ",,,,, $ 14.53 , $ 14.53 , $ 14.53 , $ 14.53 , $ 14.53 , $ 14.53 , $ 14.53 , $ 14.53 , $ 14.53 , $ 14.53 , $ 14.53 , $ 14.53 , $ 174.42 
Cancun,1040,,,,,,,,,,,,,,,,,,,,,,,,,,,,,,,,,,,,
Cancun,1041,International Operations,OPERACIONES CUN,OPERACIONES DEL SITIO,Viáticos,ACH/CAFO/CCDA,Viajes a CAFO y ACH,," $ 40,000.00 ",,,,,," $ 20,000.00 ",,,,," $ 60,000.00 ",,,,,," $ 2,325.58 ",,,,,," $ 1,162.79 ",,,,," $ 3,488.37 "
Cancun,1042,International Operations,OPERACIONES CUN,OPERACIONES DEL SITIO,Visitas US,Anual GLM/ANHO - Site leaders,Viaje anual - Junta de liderazgo global/Noche de esperanza | Liderazgo del sitio,," $ 35,000.00 ",,,,,," $ 20,000.00 ",,,,," $ 55,000.00 ",,,,,," $ 2,034.88 ",,,,,," $ 1,162.79 ",,,,," $ 3,197.67 "
Cancun,1043,International Operations,OPERACIONES CUN,OPERACIONES DEL SITIO,Viáticos,Travel between sites,Viajes entre sitios," $ 10,000.00 ",,,,,," $ 10,000.00 ",,,,,," $ 20,000.00 ",,,,, $ 581.40 ,,,,,, $ 581.40 ,,,,,," $ 1,162.79 "
Cancun,1044,,,,,,,,,,,,,,,,,,,,,,,,,,,,,,,,,,,,
Cancun,1045,International Operations,ARRENDAMIENTOS CUN,OPERACIONES DEL SITIO,Electricidad,Electricity,CFE," $ 6,000.00 "," $ 6,000.00 "," $ 6,000.00 "," $ 6,000.00 "," $ 6,000.00 "," $ 6,000.00 "," $ 6,000.00 "," $ 6,000.00 "," $ 6,000.00 "," $ 6,000.00 "," $ 6,000.00 "," $ 6,000.00 "," $ 72,000.00 ",,,,, $ 348.84 , $ 348.84 , $ 348.84 , $ 348.84 , $ 348.84 , $ 348.84 , $ 348.84 , $ 348.84 , $ 348.84 , $ 348.84 , $ 348.84 , $ 348.84 ," $ 4,186.05 "
Cancun,1046,International Operations,ARRENDAMIENTOS CUN,OPERACIONES DEL SITIO,Internet,Internet,Internet, $ 880.00 , $ 880.00 , $ 880.00 , $ 880.00 , $ 880.00 , $ 880.00 , $ 880.00 , $ 880.00 , $ 880.00 , $ 880.00 , $ 880.00 , $ 880.00 ," $ 10,560.00 ",,,,, $ 51.16 , $ 51.16 , $ 51.16 , $ 51.16 , $ 51.16 , $ 51.16 , $ 51.16 , $ 51.16 , $ 51.16 , $ 51.16 , $ 51.16 , $ 51.16 , $ 613.95 
Cancun,1047,International Operations,ARRENDAMIENTOS CUN,OPERACIONES DEL SITIO,Mtto. a Instalaciones,Maintenance,Mantenimiento de casa," $ 5,880.00 "," $ 5,880.00 "," $ 5,880.00 "," $ 5,880.00 "," $ 5,880.00 "," $ 5,880.00 "," $ 5,880.00 "," $ 5,880.00 "," $ 5,880.00 "," $ 5,880.00 "," $ 5,880.00 "," $ 5,880.00 "," $ 70,560.00 ",,,,, $ 341.86 , $ 341.86 , $ 341.86 , $ 341.86 , $ 341.86 , $ 341.86 , $ 341.86 , $ 341.86 , $ 341.86 , $ 341.86 , $ 341.86 , $ 341.86 ," $ 4,102.33 "
Cancun,1048,International Operations,ARRENDAMIENTOS CUN,OPERACIONES DEL SITIO,Renta,Rent,Renta," $ 64,000.00 "," $ 64,000.00 "," $ 64,000.00 "," $ 64,000.00 "," $ 64,000.00 "," $ 64,000.00 "," $ 64,000.00 "," $ 64,000.00 "," $ 64,000.00 "," $ 64,000.00 "," $ 64,000.00 "," $ 64,000.00 "," $ 768,000.00 ",,,,," $ 3,720.93 "," $ 3,720.93 "," $ 3,720.93 "," $ 3,720.93 "," $ 3,720.93 "," $ 3,720.93 "," $ 3,720.93 "," $ 3,720.93 "," $ 3,720.93 "," $ 3,720.93 "," $ 3,720.93 "," $ 3,720.93 "," $ 44,651.16 "
Cancun,1049,International Operations,ARRENDAMIENTOS CUN,OPERACIONES DEL SITIO,Mtto. a Instalaciones,Swimming Pool,Mantenimiento de alberca," $ 3,700.00 "," $ 3,700.00 "," $ 3,700.00 "," $ 3,700.00 "," $ 3,700.00 "," $ 3,700.00 "," $ 3,700.00 "," $ 3,700.00 "," $ 3,700.00 "," $ 3,700.00 "," $ 3,700.00 "," $ 3,700.00 "," $ 44,400.00 ",,,,, $ 215.12 , $ 215.12 , $ 215.12 , $ 215.12 , $ 215.12 , $ 215.12 , $ 215.12 , $ 215.12 , $ 215.12 , $ 215.12 , $ 215.12 , $ 215.12 ," $ 2,581.40 "
Cancun,1050,International Operations,ARRENDAMIENTOS CUN,OPERACIONES DEL SITIO,Mtto. a Instalaciones,Yard,Jardinería," $ 3,160.00 "," $ 3,160.00 "," $ 3,160.00 "," $ 3,160.00 "," $ 3,160.00 "," $ 3,160.00 "," $ 3,160.00 "," $ 3,160.00 "," $ 3,160.00 "," $ 3,160.00 "," $ 3,160.00 "," $ 3,160.00 "," $ 37,920.00 ",,,,, $ 183.72 , $ 183.72 , $ 183.72 , $ 183.72 , $ 183.72 , $ 183.72 , $ 183.72 , $ 183.72 , $ 183.72 , $ 183.72 , $ 183.72 , $ 183.72 ," $ 2,204.65 "
Cancun,1051,,,,,,,,,,,,,,,,,,,,,,,,,,,,,,,,,,,,
Cancun,1052,International Operations,DESARROLLO CUN,OPERACIONES DEL SITIO,Telefonía y Celulares,Cell phone,Telefonía, $ 350.00 , $ 350.00 , $ 350.00 , $ 350.00 , $ 350.00 , $ 350.00 , $ 350.00 , $ 350.00 , $ 350.00 , $ 350.00 , $ 350.00 , $ 350.00 ," $ 4,200.00 ",,,,, $ 20.35 , $ 20.35 , $ 20.35 , $ 20.35 , $ 20.35 , $ 20.35 , $ 20.35 , $ 20.35 , $ 20.35 , $ 20.35 , $ 20.35 , $ 20.35 , $ 244.19 
Cancun,1053,International Operations,DESARROLLO CUN,OPERACIONES DEL SITIO,Papelería y Artes de Oficina,"Office materials, paper, ink, pens, etc.",Papelería y artículos de oficina, $ 200.00 , $ 200.00 , $ 200.00 , $ 200.00 , $ 200.00 , $ 200.00 , $ 200.00 , $ 200.00 , $ 200.00 , $ 200.00 , $ 200.00 , $ 200.00 ," $ 2,400.00 ",,,,, $ 11.63 , $ 11.63 , $ 11.63 , $ 11.63 , $ 11.63 , $ 11.63 , $ 11.63 , $ 11.63 , $ 11.63 , $ 11.63 , $ 11.63 , $ 11.63 , $ 139.53 
Cancun,1054,International Operations,DESARROLLO CUN,OPERACIONES DEL SITIO,Licencias,MONDAY,Licencia Monday, $ 150.00 , $ 150.00 , $ 150.00 , $ 150.00 , $ 150.00 , $ 150.00 , $ 150.00 , $ 150.00 , $ 150.00 , $ 150.00 , $ 150.00 , $ 150.00 ," $ 1,800.00 ",,,,, $ 8.72 , $ 8.72 , $ 8.72 , $ 8.72 , $ 8.72 , $ 8.72 , $ 8.72 , $ 8.72 , $ 8.72 , $ 8.72 , $ 8.72 , $ 8.72 , $ 104.65 
Cancun,1055,International Operations,DESARROLLO CUN,OPERACIONES DEL SITIO,Propaganda y Publicidad,MKTG Kit de materiales,Materiales de mercadotecnia," $ 15,000.00 ", $ - , $ - , $ - , $ - , $ - , $ - , $ - , $ - , $ - , $ - , $ - ," $ 15,000.00 ",,,,, $ 872.09 ,,,,,,,,,,,, $ 872.09 
Cancun,1056,International Operations,DESARROLLO CUN,OPERACIONES DEL SITIO,Gasolina,Fuel for follow up with donors,Gasolina para seguimiento de donadores, $ 500.00 , $ 500.00 , $ 500.00 , $ 500.00 , $ 500.00 , $ 500.00 , $ 500.00 , $ 500.00 , $ 500.00 , $ 500.00 , $ 500.00 , $ 500.00 ," $ 6,000.00 ",,,,, $ 29.07 , $ 29.07 , $ 29.07 , $ 29.07 , $ 29.07 , $ 29.07 , $ 29.07 , $ 29.07 , $ 29.07 , $ 29.07 , $ 29.07 , $ 29.07 , $ 348.84 
Cancun,1057,International Operations,DESARROLLO CUN,OPERACIONES DEL SITIO,Coordinación,"Monthly expenses for meetings with leads, donors, connections, eventos","Gastos mensuales para juntas con donadores, conexiones, etc.", $ 500.00 , $ 500.00 , $ 500.00 , $ 500.00 , $ 500.00 , $ 500.00 , $ 500.00 , $ 500.00 , $ 500.00 , $ 500.00 , $ 500.00 , $ 500.00 ," $ 6,000.00 ",,,,, $ 29.07 , $ 29.07 , $ 29.07 , $ 29.07 , $ 29.07 , $ 29.07 , $ 29.07 , $ 29.07 , $ 29.07 , $ 29.07 , $ 29.07 , $ 29.07 , $ 348.84 
Cancun,1058,International Operations,DESARROLLO CUN,OPERACIONES DEL SITIO,Celebraciones,Celebrations for volunteers,"Celebracion Voluntarios (playera, detalle, actividades,etc)"," $ 5,000.00 ", $ - , $ - , $ - , $ - , $ - , $ - , $ - , $ - , $ - , $ - , $ - ," $ 5,000.00 ",,,,, $ 290.70 ,,,,,,,,,,,, $ 290.70 
Cancun,1059,,,,,,,,,,,,,,,,,,,,,,,,,,,,,,,,,,,,
Cancun,1060,Strong Families Cancun,FAMILIAS FUERTES CUN,FAMILIAS FUERTES,Gas LP,Propane -Propano,Gas LP para la preparacion de los alimentos," $ 1,335.00 "," $ 1,335.00 "," $ 1,335.00 "," $ 1,335.00 "," $ 1,335.00 "," $ 1,335.00 "," $ 1,335.00 ",," $ 1,335.00 "," $ 1,335.00 "," $ 1,335.00 ",," $ 13,350.00 ",,,,, $ 77.62 , $ 77.62 , $ 77.62 , $ 77.62 , $ 77.62 , $ 77.62 , $ 77.62 ,, $ 77.62 , $ 77.62 , $ 77.62 ,, $ 776.16 
Cancun,1061,Strong Families Cancun,FAMILIAS FUERTES CUN,FAMILIAS FUERTES,Telefonía y Celulares,Cell phone,Plan empresarial Telcel Movil," $ 3,550.00 "," $ 3,550.00 "," $ 3,550.00 "," $ 3,550.00 "," $ 3,550.00 "," $ 3,550.00 "," $ 3,550.00 "," $ 3,550.00 "," $ 3,550.00 "," $ 3,550.00 "," $ 3,550.00 "," $ 3,550.00 "," $ 42,600.00 ",,,,, $ 206.40 , $ 206.40 , $ 206.40 , $ 206.40 , $ 206.40 , $ 206.40 , $ 206.40 , $ 206.40 , $ 206.40 , $ 206.40 , $ 206.40 , $ 206.40 ," $ 2,476.74 "
Cancun,1062,Strong Families Cancun,FAMILIAS FUERTES CUN,FAMILIAS FUERTES,Electricidad,Electricity,Servicio CFE," $ 2,220.00 "," $ 2,220.00 "," $ 2,220.00 "," $ 2,220.00 "," $ 2,220.00 "," $ 2,220.00 "," $ 2,220.00 "," $ 2,220.00 "," $ 2,220.00 "," $ 2,220.00 "," $ 2,220.00 "," $ 2,220.00 "," $ 26,640.00 ",,,,, $ 129.07 , $ 129.07 , $ 129.07 , $ 129.07 , $ 129.07 , $ 129.07 , $ 129.07 , $ 129.07 , $ 129.07 , $ 129.07 , $ 129.07 , $ 129.07 ," $ 1,548.84 "
Cancun,1063,Strong Families Cancun,FAMILIAS FUERTES CUN,FAMILIAS FUERTES,Internet,Intermet,Intermet," $ 1,390.00 "," $ 1,390.00 "," $ 1,390.00 "," $ 1,390.00 "," $ 1,390.00 "," $ 1,390.00 "," $ 1,390.00 "," $ 1,390.00 "," $ 1,390.00 "," $ 1,390.00 "," $ 1,390.00 "," $ 1,390.00 "," $ 16,680.00 ",,,,, $ 80.81 , $ 80.81 , $ 80.81 , $ 80.81 , $ 80.81 , $ 80.81 , $ 80.81 , $ 80.81 , $ 80.81 , $ 80.81 , $ 80.81 , $ 80.81 , $ 969.77 
Cancun,1064,Strong Families Cancun,FAMILIAS FUERTES CUN,FAMILIAS FUERTES,Gasolina,Fuel,Gasolina," $ 16,630.00 "," $ 16,630.00 "," $ 16,630.00 "," $ 16,630.00 "," $ 16,630.00 "," $ 16,630.00 "," $ 16,630.00 "," $ 16,630.00 "," $ 16,630.00 "," $ 16,630.00 "," $ 16,630.00 "," $ 16,630.00 "," $ 199,560.00 ",,,,, $ 966.86 , $ 966.86 , $ 966.86 , $ 966.86 , $ 966.86 , $ 966.86 , $ 966.86 , $ 966.86 , $ 966.86 , $ 966.86 , $ 966.86 , $ 966.86 ," $ 11,602.33 "
Cancun,1065,Strong Families Cancun,FAMILIAS FUERTES CUN,FAMILIAS FUERTES,Seguros y Fianzas,Insurance & Plates,Tenencias y seguro de vehículos," $ 8,315.00 "," $ 8,315.00 "," $ 8,315.00 "," $ 8,315.00 "," $ 8,315.00 "," $ 8,315.00 "," $ 8,315.00 "," $ 8,315.00 "," $ 8,315.00 "," $ 8,315.00 "," $ 8,315.00 "," $ 8,315.00 "," $ 99,780.00 ",,,,, $ 483.43 , $ 483.43 , $ 483.43 , $ 483.43 , $ 483.43 , $ 483.43 , $ 483.43 , $ 483.43 , $ 483.43 , $ 483.43 , $ 483.43 , $ 483.43 ," $ 5,801.16 "
Cancun,1066,Strong Families Cancun,FAMILIAS FUERTES CUN,FAMILIAS FUERTES,Mtto. Eq de Transporte,Vehicles maintenance,Mantenimiento de vehículos," $ 6,930.00 "," $ 6,930.00 "," $ 6,930.00 "," $ 6,930.00 "," $ 6,930.00 "," $ 6,930.00 "," $ 6,930.00 "," $ 6,930.00 "," $ 6,930.00 "," $ 6,930.00 "," $ 6,930.00 "," $ 6,930.00 "," $ 83,160.00 ",,,,, $ 402.91 , $ 402.91 , $ 402.91 , $ 402.91 , $ 402.91 , $ 402.91 , $ 402.91 , $ 402.91 , $ 402.91 , $ 402.91 , $ 402.91 , $ 402.91 ," $ 4,834.88 "
Cancun,1067,Strong Families Cancun,FAMILIAS FUERTES CUN,FAMILIAS FUERTES,Otros Impuestos y Derechos,Chofer License,Licencias de conducir," $ 2,245.00 "," $ 2,245.00 "," $ 2,245.00 "," $ 2,245.00 "," $ 2,245.00 "," $ 2,245.00 "," $ 2,245.00 "," $ 2,245.00 "," $ 2,245.00 "," $ 2,245.00 "," $ 2,245.00 "," $ 2,245.00 "," $ 26,940.00 ",,,,, $ 130.52 , $ 130.52 , $ 130.52 , $ 130.52 , $ 130.52 , $ 130.52 , $ 130.52 , $ 130.52 , $ 130.52 , $ 130.52 , $ 130.52 , $ 130.52 ," $ 1,566.28 "
Cancun,1068,Strong Families Cancun,FAMILIAS FUERTES CUN,FAMILIAS FUERTES,Mtto. a Instalaciones,Facilities Maintenance,"Mantenimiento del CCTR
(Reparacion, alumbrado, grietas, desague, retiro de salitre, entro otros)"," $ 5,000.00 "," $ 5,000.00 "," $ 5,000.00 "," $ 5,000.00 "," $ 5,000.00 "," $ 5,000.00 "," $ 5,000.00 "," $ 5,000.00 "," $ 5,000.00 "," $ 5,000.00 "," $ 5,000.00 "," $ 5,000.00 "," $ 60,000.00 ",,,,, $ 290.70 , $ 290.70 , $ 290.70 , $ 290.70 , $ 290.70 , $ 290.70 , $ 290.70 , $ 290.70 , $ 290.70 , $ 290.70 , $ 290.70 , $ 290.70 ," $ 3,488.37 "
Cancun,1069,Strong Families Cancun,FAMILIAS FUERTES CUN,FAMILIAS FUERTES,Papelería y Artes de Oficina,Stationery and general office supplies,Papelería y artículos de oficina / Mantenimiento y equipo de oficina," $ 6,540.00 "," $ 6,540.00 "," $ 6,540.00 "," $ 6,540.00 "," $ 6,540.00 "," $ 6,540.00 "," $ 6,540.00 ",," $ 6,540.00 "," $ 6,540.00 "," $ 6,540.00 ",," $ 65,400.00 ",,,,, $ 380.23 , $ 380.23 , $ 380.23 , $ 380.23 , $ 380.23 , $ 380.23 , $ 380.23 ,, $ 380.23 , $ 380.23 , $ 380.23 ,," $ 3,802.33 "
Cancun,1070,Strong Families Cancun,FAMILIAS FUERTES CUN,FAMILIAS FUERTES,Productos de Limpieza,Cleaning supplies,Suministros de limpieza," $ 2,770.00 "," $ 2,770.00 "," $ 2,770.00 "," $ 2,770.00 "," $ 2,770.00 "," $ 2,770.00 "," $ 2,770.00 "," $ 2,770.00 "," $ 2,770.00 "," $ 2,770.00 "," $ 2,770.00 "," $ 2,770.00 "," $ 33,240.00 ",,,,, $ 161.05 , $ 161.05 , $ 161.05 , $ 161.05 , $ 161.05 , $ 161.05 , $ 161.05 , $ 161.05 , $ 161.05 , $ 161.05 , $ 161.05 , $ 161.05 ," $ 1,932.56 "
Cancun,1071,Strong Families Cancun,FAMILIAS FUERTES CUN,FAMILIAS FUERTES,Alimentos,Food for students,Alimentos para estudiantes," $ 59,970.00 "," $ 59,970.00 "," $ 59,970.00 "," $ 59,970.00 "," $ 59,970.00 "," $ 59,970.00 "," $ 59,970.00 "," $ 59,970.00 "," $ 59,970.00 "," $ 59,970.00 "," $ 59,970.00 "," $ 59,970.00 "," $ 719,640.00 ",,,,," $ 3,486.63 "," $ 3,486.63 "," $ 3,486.63 "," $ 3,486.63 "," $ 3,486.63 "," $ 3,486.63 "," $ 3,486.63 "," $ 3,486.63 "," $ 3,486.63 "," $ 3,486.63 "," $ 3,486.63 "," $ 3,486.63 "," $ 41,839.53 "
Cancun,1072,Strong Families Cancun,FAMILIAS FUERTES CUN,FAMILIAS FUERTES,Desarrollo Espiritual,Class materials (holistic care),Materiales para clases (atención sabatina)," $ 2,000.00 "," $ 2,000.00 "," $ 2,000.00 "," $ 2,000.00 "," $ 2,000.00 "," $ 2,000.00 "," $ 2,000.00 ",," $ 2,000.00 "," $ 2,000.00 "," $ 2,000.00 ",," $ 20,000.00 ",,,,, $ 116.28 , $ 116.28 , $ 116.28 , $ 116.28 , $ 116.28 , $ 116.28 , $ 116.28 ,, $ 116.28 , $ 116.28 , $ 116.28 ,," $ 1,162.79 "
Cancun,1073,Strong Families Cancun,FAMILIAS FUERTES CUN,FAMILIAS FUERTES,Alimentos,Food for parents,Aliementos para padres de familia," $ 12,000.00 "," $ 12,000.00 "," $ 12,000.00 "," $ 12,000.00 "," $ 12,000.00 "," $ 12,000.00 "," $ 12,000.00 "," $ 12,000.00 "," $ 12,000.00 "," $ 12,000.00 "," $ 12,000.00 "," $ 12,000.00 "," $ 144,000.00 ",,,,, $ 697.67 , $ 697.67 , $ 697.67 , $ 697.67 , $ 697.67 , $ 697.67 , $ 697.67 , $ 697.67 , $ 697.67 , $ 697.67 , $ 697.67 , $ 697.67 ," $ 8,372.09 "
Cancun,1074,Strong Families Cancun,FAMILIAS FUERTES CUN,FAMILIAS FUERTES,Desarrollo Educativo,Connection activities for students,"Actividad de conexión, salidas y experiencias con NNA's",," $ 4,500.00 ",,," $ 4,500.00 ",,," $ 4,500.00 ",,," $ 4,500.00 ",," $ 18,000.00 ",,,,,, $ 261.63 ,,, $ 261.63 ,,, $ 261.63 ,,, $ 261.63 ,," $ 1,046.51 "
Cancun,1075,Strong Families Cancun,FAMILIAS FUERTES CUN,FAMILIAS FUERTES,Desarrollo Educativo,Class materials (holistic care),Materiales para clases," $ 2,500.00 "," $ 2,500.00 "," $ 2,500.00 "," $ 2,500.00 "," $ 2,500.00 "," $ 2,500.00 "," $ 2,500.00 "," $ 2,500.00 "," $ 2,500.00 "," $ 2,500.00 "," $ 2,500.00 "," $ 2,500.00 "," $ 30,000.00 ",,,,, $ 145.35 , $ 145.35 , $ 145.35 , $ 145.35 , $ 145.35 , $ 145.35 , $ 145.35 , $ 145.35 , $ 145.35 , $ 145.35 , $ 145.35 , $ 145.35 ," $ 1,744.19 "
Cancun,1076,Strong Families Cancun,FAMILIAS FUERTES CUN,FAMILIAS FUERTES,Celebraciones,"Celebrations (children's day, graduations, beginning and end of the school year)","Celebraciones (día del niño, graduaciones, inicio y fin de ciclo)"," $ 2,500.00 ",,," $ 8,000.00 ",," $ 30,000.00 ",,,," $ 2,500.00 ",,," $ 43,000.00 ",,,,, $ 145.35 ,,, $ 465.12 ,," $ 1,744.19 ",,,, $ 145.35 ,,," $ 2,500.00 "
Cancun,1077,Strong Families Cancun,FAMILIAS FUERTES CUN,FAMILIAS FUERTES,Celebraciones,Family day,Día de la familia,,,,," $ 20,000.00 ",,,,,,,," $ 20,000.00 ",,,,,,,,," $ 1,162.79 ",,,,,,,," $ 1,162.79 "
Cancun,1078,Strong Families Cancun,FAMILIAS FUERTES CUN,FAMILIAS FUERTES,Desarrollo Educativo,Tech materials for students,Materiales tecnológicos y digitales,," $ 15,000.00 ",,," $ 15,000.00 ",,," $ 15,000.00 ",,,,," $ 45,000.00 ",,,,,, $ 872.09 ,,, $ 872.09 ,,, $ 872.09 ,,,,," $ 2,616.28 "
Cancun,1079,Strong Families Cancun,FAMILIAS FUERTES CUN,FAMILIAS FUERTES,Desarrollo Físico,Medical support for families,Apoyo médico para bienestar familiar,," $ 45,000.00 ",,,,,,,,,,," $ 45,000.00 ",,,,,," $ 2,616.28 ",,,,,,,,,,," $ 2,616.28 "
Cancun,1080,Strong Families Cancun,FAMILIAS FUERTES CUN,FAMILIAS FUERTES,Desarrollo Físico,Food support for families,Apoyo alimenticio para bienestar familiar," $ 4,000.00 "," $ 4,000.00 "," $ 4,000.00 "," $ 4,000.00 "," $ 4,000.00 "," $ 4,000.00 "," $ 4,000.00 "," $ 4,000.00 "," $ 4,000.00 "," $ 4,000.00 "," $ 4,000.00 "," $ 4,000.00 "," $ 48,000.00 ",,,,, $ 232.56 , $ 232.56 , $ 232.56 , $ 232.56 , $ 232.56 , $ 232.56 , $ 232.56 , $ 232.56 , $ 232.56 , $ 232.56 , $ 232.56 , $ 232.56 ," $ 2,790.70 "
Cancun,1081,Strong Families Cancun,FAMILIAS FUERTES CUN,FAMILIAS FUERTES,Desarrollo Físico,Safe shelter support,Fondo para refugio," $ 30,000.00 ",,,,,,,,,,,," $ 30,000.00 ",,,,," $ 1,744.19 ",,,,,,,,,,,," $ 1,744.19 "
Cancun,1082,Strong Families Cancun,FAMILIAS FUERTES CUN,FAMILIAS FUERTES,Desarrollo Emocional,Psychology materials,Materiales de psicología," $ 2,500.00 "," $ 2,500.00 "," $ 2,500.00 "," $ 2,500.00 "," $ 2,500.00 "," $ 2,500.00 "," $ 2,500.00 "," $ 2,500.00 "," $ 2,500.00 "," $ 2,500.00 "," $ 2,500.00 "," $ 2,500.00 "," $ 30,000.00 ",,,,, $ 145.35 , $ 145.35 , $ 145.35 , $ 145.35 , $ 145.35 , $ 145.35 , $ 145.35 , $ 145.35 , $ 145.35 , $ 145.35 , $ 145.35 , $ 145.35 ," $ 1,744.19 "
Cancun,1083,Strong Families Cancun,FAMILIAS FUERTES CUN,FAMILIAS FUERTES,Desarrollo Social,Social work materials,Materiales de trabajo social," $ 2,500.00 "," $ 2,500.00 "," $ 2,500.00 "," $ 2,500.00 "," $ 2,500.00 "," $ 2,500.00 "," $ 2,500.00 "," $ 2,500.00 "," $ 2,500.00 "," $ 2,500.00 "," $ 2,500.00 "," $ 2,500.00 "," $ 30,000.00 ",,,,, $ 145.35 , $ 145.35 , $ 145.35 , $ 145.35 , $ 145.35 , $ 145.35 , $ 145.35 , $ 145.35 , $ 145.35 , $ 145.35 , $ 145.35 , $ 145.35 ," $ 1,744.19 "
Cancun,1084,Strong Families Cancun,FAMILIAS FUERTES CUN,FAMILIAS FUERTES,Alimentos,Snacks for the social work/psychology office (for parents),Snacks para oficinas de TS/PSI (para la atención de padres), $ 800.00 , $ 800.00 , $ 800.00 , $ 800.00 , $ 800.00 , $ 800.00 , $ 800.00 ,, $ 800.00 , $ 800.00 , $ 800.00 ,," $ 8,000.00 ",,,,, $ 46.51 , $ 46.51 , $ 46.51 , $ 46.51 , $ 46.51 , $ 46.51 , $ 46.51 ,, $ 46.51 , $ 46.51 , $ 46.51 ,, $ 465.12 
Cancun,1085,Strong Families Cancun,FAMILIAS FUERTES CUN,FAMILIAS FUERTES,Desarrollo Social,Connection activities for mothers,"Actividad de conexión, salidas y regalos para madres",," $ 8,000.00 ",,," $ 4,500.00 ",,,,," $ 8,000.00 ",,," $ 20,500.00 ",,,,,, $ 465.12 ,,, $ 261.63 ,,,,, $ 465.12 ,,," $ 1,191.86 "
Cancun,1086,Strong Families Cancun,FAMILIAS FUERTES CUN,FAMILIAS FUERTES,Desarrollo Social,Strong fathers materials,Materiales trabajo social para padres," $ 1,000.00 "," $ 1,000.00 "," $ 1,000.00 "," $ 1,000.00 "," $ 1,000.00 "," $ 1,000.00 "," $ 1,000.00 "," $ 1,000.00 "," $ 1,000.00 "," $ 1,000.00 "," $ 1,000.00 "," $ 1,000.00 "," $ 12,000.00 ",,,,, $ 58.14 , $ 58.14 , $ 58.14 , $ 58.14 , $ 58.14 , $ 58.14 , $ 58.14 , $ 58.14 , $ 58.14 , $ 58.14 , $ 58.14 , $ 58.14 , $ 697.67 
Cancun,1087,Strong Families Cancun,FAMILIAS FUERTES CUN,FAMILIAS FUERTES,Desarrollo Social,Connection activities for fathers,"Actividad de conexión, salidas y regalos para padres",," $ 2,500.00 ",,," $ 5,800.00 ",,,,," $ 2,500.00 ",,," $ 10,800.00 ",,,,,, $ 145.35 ,,, $ 337.21 ,,,,, $ 145.35 ,,, $ 627.91 
Cancun,1088,Strong Families Cancun,FAMILIAS FUERTES CUN,FAMILIAS FUERTES,Entrenamientos,Training for staff,Entrenamientos para staff de Familias Fuertes," $ 30,000.00 ",,," $ 5,000.00 ",,,," $ 5,000.00 ",,,,," $ 40,000.00 ",,,,," $ 1,744.19 ",,, $ 290.70 ,,,, $ 290.70 ,,,,," $ 2,325.58 "
Cancun,1089,,,,,,,,,,,,,,,,,,,,,,,,,,,,,,,,,,,,
Cancun,1090,Reggio Emilia,PROGRAMA EDUCATIVO CUN,REGGIO EMILIA,Telefonía y Celulares,Cell phone,Plan empresarial Telcel Movil, $ 836.00 , $ 836.00 , $ 836.00 , $ 836.00 , $ 836.00 , $ 836.00 , $ 836.00 , $ 836.00 , $ 836.00 , $ 836.00 , $ 836.00 , $ 836.00 ," $ 10,032.00 ",,,,, $ 48.60 , $ 48.60 , $ 48.60 , $ 48.60 , $ 48.60 , $ 48.60 , $ 48.60 , $ 48.60 , $ 48.60 , $ 48.60 , $ 48.60 , $ 48.60 , $ 583.26 
Cancun,1091,Reggio Emilia,PROGRAMA EDUCATIVO CUN,REGGIO EMILIA,Gas LP,Propane -Propano,Gas LP para la preparacion de los alimentos, $ 310.00 , $ 310.00 , $ 310.00 , $ 310.00 , $ 310.00 , $ 310.00 , $ 310.00 ,, $ 310.00 , $ 310.00 , $ 310.00 ,," $ 3,100.00 ",,,,, $ 18.02 , $ 18.02 , $ 18.02 , $ 18.02 , $ 18.02 , $ 18.02 , $ 18.02 ,, $ 18.02 , $ 18.02 , $ 18.02 ,, $ 180.23 
Cancun,1092,Reggio Emilia,PROGRAMA EDUCATIVO CUN,REGGIO EMILIA,Electricidad,Electricity,Servicio CFE, $ 520.00 , $ 520.00 , $ 520.00 , $ 520.00 , $ 520.00 , $ 520.00 , $ 520.00 , $ 520.00 , $ 520.00 , $ 520.00 , $ 520.00 , $ 520.00 ," $ 6,240.00 ",,,,, $ 30.23 , $ 30.23 , $ 30.23 , $ 30.23 , $ 30.23 , $ 30.23 , $ 30.23 , $ 30.23 , $ 30.23 , $ 30.23 , $ 30.23 , $ 30.23 , $ 362.79 
Cancun,1093,Reggio Emilia,PROGRAMA EDUCATIVO CUN,REGGIO EMILIA,Internet,Intermet,Intermet, $ 330.00 , $ 330.00 , $ 330.00 , $ 330.00 , $ 330.00 , $ 330.00 , $ 330.00 , $ 330.00 , $ 330.00 , $ 330.00 , $ 330.00 , $ 330.00 ," $ 3,960.00 ",,,,, $ 19.19 , $ 19.19 , $ 19.19 , $ 19.19 , $ 19.19 , $ 19.19 , $ 19.19 , $ 19.19 , $ 19.19 , $ 19.19 , $ 19.19 , $ 19.19 , $ 230.23 
Cancun,1094,Reggio Emilia,PROGRAMA EDUCATIVO CUN,REGGIO EMILIA,Gasolina,Fuel,Gasolina," $ 3,000.00 "," $ 3,000.00 "," $ 3,000.00 "," $ 3,000.00 "," $ 3,000.00 "," $ 3,000.00 "," $ 3,000.00 "," $ 3,000.00 "," $ 3,000.00 "," $ 3,000.00 "," $ 3,000.00 "," $ 3,000.00 "," $ 36,000.00 ",,,,, $ 174.42 , $ 174.42 , $ 174.42 , $ 174.42 , $ 174.42 , $ 174.42 , $ 174.42 , $ 174.42 , $ 174.42 , $ 174.42 , $ 174.42 , $ 174.42 ," $ 2,093.02 "
Cancun,1095,Reggio Emilia,PROGRAMA EDUCATIVO CUN,REGGIO EMILIA,Seguros y Fianzas,Insurance & Plates,Tenencias y seguro de vehículos," $ 1,955.00 "," $ 1,955.00 "," $ 1,955.00 "," $ 1,955.00 "," $ 1,955.00 "," $ 1,955.00 "," $ 1,955.00 "," $ 1,955.00 "," $ 1,955.00 "," $ 1,955.00 "," $ 1,955.00 "," $ 1,955.00 "," $ 23,460.00 ",,,,, $ 113.66 , $ 113.66 , $ 113.66 , $ 113.66 , $ 113.66 , $ 113.66 , $ 113.66 , $ 113.66 , $ 113.66 , $ 113.66 , $ 113.66 , $ 113.66 ," $ 1,363.95 "
Cancun,1096,Reggio Emilia,PROGRAMA EDUCATIVO CUN,REGGIO EMILIA,Mtto. Eq de Transporte,Vehicles maintenance,Mantenimiento de vehículos," $ 1,630.00 "," $ 1,630.00 "," $ 1,630.00 "," $ 1,630.00 "," $ 1,630.00 "," $ 1,630.00 "," $ 1,630.00 "," $ 1,630.00 "," $ 1,630.00 "," $ 1,630.00 "," $ 1,630.00 "," $ 1,630.00 "," $ 19,560.00 ",,,,, $ 94.77 , $ 94.77 , $ 94.77 , $ 94.77 , $ 94.77 , $ 94.77 , $ 94.77 , $ 94.77 , $ 94.77 , $ 94.77 , $ 94.77 , $ 94.77 ," $ 1,137.21 "
Cancun,1097,Reggio Emilia,PROGRAMA EDUCATIVO CUN,REGGIO EMILIA,Otros Impuestos y Derechos,Chofer License,Licencias de conducir, $ 530.00 , $ 530.00 , $ 530.00 , $ 530.00 , $ 530.00 , $ 530.00 , $ 530.00 , $ 530.00 , $ 530.00 , $ 530.00 , $ 530.00 , $ 530.00 ," $ 6,360.00 ",,,,, $ 30.81 , $ 30.81 , $ 30.81 , $ 30.81 , $ 30.81 , $ 30.81 , $ 30.81 , $ 30.81 , $ 30.81 , $ 30.81 , $ 30.81 , $ 30.81 , $ 369.77 
Cancun,1098,Reggio Emilia,PROGRAMA EDUCATIVO CUN,REGGIO EMILIA,Mtto. a Instalaciones,Facilities Maintenance,"Mantenimiento del CCTR
(Reparacion, alumbrado, grietas, desague, retiro de salitre, entro otros)"," $ 1,240.00 "," $ 1,240.00 "," $ 1,240.00 "," $ 1,240.00 "," $ 1,240.00 "," $ 1,240.00 "," $ 1,240.00 "," $ 1,240.00 "," $ 1,240.00 "," $ 1,240.00 "," $ 1,240.00 "," $ 1,240.00 "," $ 14,880.00 ",,,,, $ 72.09 , $ 72.09 , $ 72.09 , $ 72.09 , $ 72.09 , $ 72.09 , $ 72.09 , $ 72.09 , $ 72.09 , $ 72.09 , $ 72.09 , $ 72.09 , $ 865.12 
Cancun,1099,Reggio Emilia,PROGRAMA EDUCATIVO CUN,REGGIO EMILIA,Papelería y Artes de Oficina,Stationery and general office supplies,Papelería y artículos de oficina / Mantenimiento y equipo de oficina," $ 1,535.00 "," $ 1,535.00 "," $ 1,535.00 "," $ 1,535.00 "," $ 1,535.00 "," $ 1,535.00 "," $ 1,535.00 ",," $ 1,535.00 "," $ 1,535.00 "," $ 1,535.00 ",," $ 15,350.00 ",,,,, $ 89.24 , $ 89.24 , $ 89.24 , $ 89.24 , $ 89.24 , $ 89.24 , $ 89.24 ,, $ 89.24 , $ 89.24 , $ 89.24 ,, $ 892.44 
Cancun,1100,Reggio Emilia,PROGRAMA EDUCATIVO CUN,REGGIO EMILIA,Productos de Limpieza,Cleaning supplies,Suministros de limpieza, $ 650.00 , $ 650.00 , $ 650.00 , $ 650.00 , $ 650.00 , $ 650.00 , $ 650.00 , $ 650.00 , $ 650.00 , $ 650.00 , $ 650.00 , $ 650.00 ," $ 7,800.00 ",,,,, $ 37.79 , $ 37.79 , $ 37.79 , $ 37.79 , $ 37.79 , $ 37.79 , $ 37.79 , $ 37.79 , $ 37.79 , $ 37.79 , $ 37.79 , $ 37.79 , $ 453.49 
Cancun,1101,Reggio Emilia,PROGRAMA EDUCATIVO CUN,REGGIO EMILIA,Alimentos,Food for students,Alimentos para estudiantes," $ 11,515.00 "," $ 11,515.00 "," $ 11,515.00 "," $ 11,515.00 "," $ 11,515.00 "," $ 11,515.00 "," $ 11,515.00 ",," $ 11,515.00 "," $ 11,515.00 "," $ 11,515.00 ",," $ 115,150.00 ",,,,, $ 669.48 , $ 669.48 , $ 669.48 , $ 669.48 , $ 669.48 , $ 669.48 , $ 669.48 ,, $ 669.48 , $ 669.48 , $ 669.48 ,," $ 6,694.77 "
Cancun,1102,Reggio Emilia,PROGRAMA EDUCATIVO CUN,REGGIO EMILIA,Desarrollo Educativo,Class materials (holistic care),Materiales para clases," $ 3,000.00 "," $ 3,000.00 "," $ 3,000.00 "," $ 3,000.00 "," $ 3,000.00 "," $ 3,000.00 "," $ 3,000.00 ",," $ 3,000.00 "," $ 3,000.00 "," $ 3,000.00 ",," $ 30,000.00 ",,,,, $ 174.42 , $ 174.42 , $ 174.42 , $ 174.42 , $ 174.42 , $ 174.42 , $ 174.42 ,, $ 174.42 , $ 174.42 , $ 174.42 ,," $ 1,744.19 "
Cancun,1103,Reggio Emilia,PROGRAMA EDUCATIVO CUN,REGGIO EMILIA,Celebraciones,"Celebrations (children's day, graduations, beginning and end of the school year)","Celebraciones (día del niño, graduaciones, inicio y fin de ciclo)"," $ 1,500.00 ",,," $ 3,500.00 ",," $ 3,500.00 ",,,," $ 1,500.00 ",,," $ 10,000.00 ",,,,, $ 87.21 ,,, $ 203.49 ,, $ 203.49 ,,,, $ 87.21 ,,, $ 581.40 
Cancun,1104,Reggio Emilia,PROGRAMA EDUCATIVO CUN,REGGIO EMILIA,Desarrollo Educativo,Connection activities for students,"Actividad de conexión, salidas y experiencias"," $ 5,000.00 ",,," $ 5,000.00 ",,," $ 5,000.00 ",,,," $ 5,000.00 ",," $ 20,000.00 ",,,,, $ 290.70 ,,, $ 290.70 ,,, $ 290.70 ,,,, $ 290.70 ,," $ 1,162.79 "
Cancun,1105,Reggio Emilia,PROGRAMA EDUCATIVO CUN,REGGIO EMILIA,Entrenamientos,Training for staff,Entrenamiento de staff," $ 10,000.00 ",,,,,,,,,,,," $ 10,000.00 ",,,,, $ 581.40 ,,,,,,,,,,,, $ 581.40 
Cancun,1106,,,,,,,,,,,,,,,,,,,,,,,,,,,,,,,,,,,,
Cancun,1107,Hope Program Cancun,PROGRAMA ESPERANZA CUN,PROGRAMA ESPERANZA,Telefonía y Celulares,Cell phone,Plan empresarial Telcel Movil, $ 836.00 , $ 836.00 , $ 836.00 , $ 836.00 , $ 836.00 , $ 836.00 , $ 836.00 , $ 836.00 , $ 836.00 , $ 836.00 , $ 836.00 , $ 836.00 ," $ 10,032.00 ",,,,, $ 48.60 , $ 48.60 , $ 48.60 , $ 48.60 , $ 48.60 , $ 48.60 , $ 48.60 , $ 48.60 , $ 48.60 , $ 48.60 , $ 48.60 , $ 48.60 , $ 583.26 
Cancun,1108,Hope Program Cancun,PROGRAMA ESPERANZA CUN,PROGRAMA ESPERANZA,Gas LP,Propane -Propano,Gas LP para la preparacion de los alimentos, $ 310.00 , $ 310.00 , $ 310.00 , $ 310.00 , $ 310.00 , $ 310.00 , $ 310.00 ,, $ 310.00 , $ 310.00 , $ 310.00 ,," $ 3,100.00 ",,,,, $ 18.02 , $ 18.02 , $ 18.02 , $ 18.02 , $ 18.02 , $ 18.02 , $ 18.02 ,, $ 18.02 , $ 18.02 , $ 18.02 ,, $ 180.23 
Cancun,1109,Hope Program Cancun,PROGRAMA ESPERANZA CUN,PROGRAMA ESPERANZA,Electricidad,Electricity,Servicio CFE, $ 520.00 , $ 520.00 , $ 520.00 , $ 520.00 , $ 520.00 , $ 520.00 , $ 520.00 , $ 520.00 , $ 520.00 , $ 520.00 , $ 520.00 , $ 520.00 ," $ 6,240.00 ",,,,, $ 30.23 , $ 30.23 , $ 30.23 , $ 30.23 , $ 30.23 , $ 30.23 , $ 30.23 , $ 30.23 , $ 30.23 , $ 30.23 , $ 30.23 , $ 30.23 , $ 362.79 
Cancun,1110,Hope Program Cancun,PROGRAMA ESPERANZA CUN,PROGRAMA ESPERANZA,Internet,Intermet,Intermet, $ 330.00 , $ 330.00 , $ 330.00 , $ 330.00 , $ 330.00 , $ 330.00 , $ 330.00 , $ 330.00 , $ 330.00 , $ 330.00 , $ 330.00 , $ 330.00 ," $ 3,960.00 ",,,,, $ 19.19 , $ 19.19 , $ 19.19 , $ 19.19 , $ 19.19 , $ 19.19 , $ 19.19 , $ 19.19 , $ 19.19 , $ 19.19 , $ 19.19 , $ 19.19 , $ 230.23 
Cancun,1111,Hope Program Cancun,PROGRAMA ESPERANZA CUN,PROGRAMA ESPERANZA,Gasolina,Fuel,Gasolina," $ 3,910.00 "," $ 3,910.00 "," $ 3,910.00 "," $ 3,910.00 "," $ 3,910.00 "," $ 3,910.00 "," $ 3,910.00 "," $ 3,910.00 "," $ 3,910.00 "," $ 3,910.00 "," $ 3,910.00 "," $ 3,910.00 "," $ 46,920.00 ",,,,, $ 227.33 , $ 227.33 , $ 227.33 , $ 227.33 , $ 227.33 , $ 227.33 , $ 227.33 , $ 227.33 , $ 227.33 , $ 227.33 , $ 227.33 , $ 227.33 ," $ 2,727.91 "
Cancun,1112,Hope Program Cancun,PROGRAMA ESPERANZA CUN,PROGRAMA ESPERANZA,Seguros y Fianzas,Insurance & Plates,Tenencias y seguro de vehículos," $ 1,955.00 "," $ 1,955.00 "," $ 1,955.00 "," $ 1,955.00 "," $ 1,955.00 "," $ 1,955.00 "," $ 1,955.00 "," $ 1,955.00 "," $ 1,955.00 "," $ 1,955.00 "," $ 1,955.00 "," $ 1,955.00 "," $ 23,460.00 ",,,,, $ 113.66 , $ 113.66 , $ 113.66 , $ 113.66 , $ 113.66 , $ 113.66 , $ 113.66 , $ 113.66 , $ 113.66 , $ 113.66 , $ 113.66 , $ 113.66 ," $ 1,363.95 "
Cancun,1113,Hope Program Cancun,PROGRAMA ESPERANZA CUN,PROGRAMA ESPERANZA,Mtto. Eq de Transporte,Vehicles maintenance,Mantenimiento de vehículos," $ 1,630.00 "," $ 1,630.00 "," $ 1,630.00 "," $ 1,630.00 "," $ 1,630.00 "," $ 1,630.00 "," $ 1,630.00 "," $ 1,630.00 "," $ 1,630.00 "," $ 1,630.00 "," $ 1,630.00 "," $ 1,630.00 "," $ 19,560.00 ",,,,, $ 94.77 , $ 94.77 , $ 94.77 , $ 94.77 , $ 94.77 , $ 94.77 , $ 94.77 , $ 94.77 , $ 94.77 , $ 94.77 , $ 94.77 , $ 94.77 ," $ 1,137.21 "
Cancun,1114,Hope Program Cancun,PROGRAMA ESPERANZA CUN,PROGRAMA ESPERANZA,Otros Impuestos y Derechos,Chofer License,Licencias de conducir, $ 530.00 , $ 530.00 , $ 530.00 , $ 530.00 , $ 530.00 , $ 530.00 , $ 530.00 , $ 530.00 , $ 530.00 , $ 530.00 , $ 530.00 , $ 530.00 ," $ 6,360.00 ",,,,, $ 30.81 , $ 30.81 , $ 30.81 , $ 30.81 , $ 30.81 , $ 30.81 , $ 30.81 , $ 30.81 , $ 30.81 , $ 30.81 , $ 30.81 , $ 30.81 , $ 369.77 
Cancun,1115,Hope Program Cancun,PROGRAMA ESPERANZA CUN,PROGRAMA ESPERANZA,Mtto. a Instalaciones,Facilities Maintenance,"Mantenimiento del CCTR
(Reparacion, alumbrado, grietas, desague, retiro de salitre, entro otros)"," $ 1,240.00 "," $ 1,240.00 "," $ 1,240.00 "," $ 1,240.00 "," $ 1,240.00 "," $ 1,240.00 "," $ 1,240.00 "," $ 1,240.00 "," $ 1,240.00 "," $ 1,240.00 "," $ 1,240.00 "," $ 1,240.00 "," $ 14,880.00 ",,,,, $ 72.09 , $ 72.09 , $ 72.09 , $ 72.09 , $ 72.09 , $ 72.09 , $ 72.09 , $ 72.09 , $ 72.09 , $ 72.09 , $ 72.09 , $ 72.09 , $ 865.12 
Cancun,1116,Hope Program Cancun,PROGRAMA ESPERANZA CUN,PROGRAMA ESPERANZA,Productos de Limpieza,Cleaning supplies,Suministros de limpieza, $ 650.00 , $ 650.00 , $ 650.00 , $ 650.00 , $ 650.00 , $ 650.00 , $ 650.00 , $ 650.00 , $ 650.00 , $ 650.00 , $ 650.00 , $ 650.00 ," $ 7,800.00 ",,,,, $ 37.79 , $ 37.79 , $ 37.79 , $ 37.79 , $ 37.79 , $ 37.79 , $ 37.79 , $ 37.79 , $ 37.79 , $ 37.79 , $ 37.79 , $ 37.79 , $ 453.49 
Cancun,1117,Hope Program Cancun,PROGRAMA ESPERANZA CUN,PROGRAMA ESPERANZA,Papelería y Artes de Oficina,Stationery and general office supplies,Papelería y artículos de oficina / Mantenimiento y equipo de oficina," $ 1,535.00 "," $ 1,535.00 "," $ 1,535.00 "," $ 1,535.00 "," $ 1,535.00 "," $ 1,535.00 "," $ 1,535.00 ",," $ 1,535.00 "," $ 1,535.00 "," $ 1,535.00 ",," $ 15,350.00 ",,,,, $ 89.24 , $ 89.24 , $ 89.24 , $ 89.24 , $ 89.24 , $ 89.24 , $ 89.24 ,, $ 89.24 , $ 89.24 , $ 89.24 ,, $ 892.44 
Cancun,1118,Hope Program Cancun,PROGRAMA ESPERANZA CUN,PROGRAMA ESPERANZA,Alimentos,Food for students,Alimentos para estudiantes," $ 10,000.00 "," $ 10,000.00 "," $ 10,000.00 "," $ 10,000.00 "," $ 10,000.00 "," $ 10,000.00 "," $ 10,000.00 ",," $ 10,000.00 "," $ 10,000.00 "," $ 10,000.00 ",," $ 100,000.00 ",,,,, $ 581.40 , $ 581.40 , $ 581.40 , $ 581.40 , $ 581.40 , $ 581.40 , $ 581.40 ,, $ 581.40 , $ 581.40 , $ 581.40 ,," $ 5,813.95 "
Cancun,1119,Hope Program Cancun,PROGRAMA ESPERANZA CUN,PROGRAMA ESPERANZA,Desarrollo Educativo,Class materials (holistic care),Materiales para clases (holísitco de atención)," $ 2,500.00 "," $ 2,500.00 "," $ 2,500.00 "," $ 2,500.00 "," $ 2,500.00 "," $ 2,500.00 "," $ 2,500.00 ",," $ 2,500.00 "," $ 2,500.00 "," $ 2,500.00 ",," $ 25,000.00 ",,,,, $ 145.35 , $ 145.35 , $ 145.35 , $ 145.35 , $ 145.35 , $ 145.35 , $ 145.35 ,, $ 145.35 , $ 145.35 , $ 145.35 ,," $ 1,453.49 "
Cancun,1120,Hope Program Cancun,PROGRAMA ESPERANZA CUN,PROGRAMA ESPERANZA,Desarrollo Emocional,Psychology materials,Materiales de psicología, $ 500.00 , $ 500.00 , $ 500.00 , $ 500.00 , $ 500.00 , $ 500.00 , $ 500.00 ,, $ 500.00 , $ 500.00 , $ 500.00 ,," $ 5,000.00 ",,,,, $ 29.07 , $ 29.07 , $ 29.07 , $ 29.07 , $ 29.07 , $ 29.07 , $ 29.07 ,, $ 29.07 , $ 29.07 , $ 29.07 ,, $ 290.70 
Cancun,1121,Hope Program Cancun,PROGRAMA ESPERANZA CUN,PROGRAMA ESPERANZA,Desarrollo Educativo,Connection activities for students,"Actividad de conexión, salidas y experiencias"," $ 3,000.00 ",,," $ 3,000.00 ",,," $ 3,000.00 ",,,," $ 3,000.00 ",," $ 12,000.00 ",,,,, $ 174.42 ,,, $ 174.42 ,,, $ 174.42 ,,,, $ 174.42 ,, $ 697.67 
Cancun,1122,Hope Program Cancun,PROGRAMA ESPERANZA CUN,PROGRAMA ESPERANZA,Entrenamientos,Training for staff,Entrenamiento de staff," $ 5,000.00 ",,,,,,,,,,,," $ 5,000.00 ",,,,, $ 290.70 ,,,,,,,,,,,, $ 290.70 
Cancun,1123,Hope Program Cancun,PROGRAMA ESPERANZA CUN,PROGRAMA ESPERANZA,Matrículas,Educational scholarships,Becas Educativas," $ 21,000.00 ",,,,,," $ 31,000.00 ",,,,,," $ 52,000.00 ",,,,," $ 1,220.93 ",,,,,," $ 1,802.33 ",,,,,," $ 3,023.26 "
Cancun,1124,Hope Program Cancun,PROGRAMA ESPERANZA CUN,PROGRAMA ESPERANZA,Celebraciones,"Celebrations (graduations, beginning and end of the school year)","Celebraciones (graduaciones, inicio y fin de ciclo)",,,,,," $ 10,000.00 ",,,,,,," $ 10,000.00 ",,,,,,,,,, $ 581.40 ,,,,,,, $ 581.40 
Cancun,1125,,,,,,,,,,,,,,,,,,,,,,,,,,,,,,,,,,,,
Cancun,1126,Transition Program Cancun,PROGRAMA TRANSICIÓN CUN,PROGRAMA TRANSICIÓN,Telefonía y Celulares,Cell phone,Plan empresarial Telcel Movil, $ 790.00 , $ 790.00 , $ 790.00 , $ 790.00 , $ 790.00 , $ 790.00 , $ 790.00 , $ 790.00 , $ 790.00 , $ 790.00 , $ 790.00 , $ 790.00 ," $ 9,480.00 ",,,,, $ 45.93 , $ 45.93 , $ 45.93 , $ 45.93 , $ 45.93 , $ 45.93 , $ 45.93 , $ 45.93 , $ 45.93 , $ 45.93 , $ 45.93 , $ 45.93 , $ 551.16 
Cancun,1127,Transition Program Cancun,PROGRAMA TRANSICIÓN CUN,PROGRAMA TRANSICIÓN,Gas LP,Propane -Propano,Gas LP para la preparacion de los alimentos, $ 295.00 , $ 295.00 , $ 295.00 , $ 295.00 , $ 295.00 , $ 295.00 , $ 295.00 ,, $ 295.00 , $ 295.00 , $ 295.00 ,," $ 2,950.00 ",,,,, $ 17.15 , $ 17.15 , $ 17.15 , $ 17.15 , $ 17.15 , $ 17.15 , $ 17.15 ,, $ 17.15 , $ 17.15 , $ 17.15 ,, $ 171.51 
Cancun,1128,Transition Program Cancun,PROGRAMA TRANSICIÓN CUN,PROGRAMA TRANSICIÓN,Electricidad,Electricity,Servicio CFE, $ 495.00 , $ 495.00 , $ 495.00 , $ 495.00 , $ 495.00 , $ 495.00 , $ 495.00 , $ 495.00 , $ 495.00 , $ 495.00 , $ 495.00 , $ 495.00 ," $ 5,940.00 ",,,,, $ 28.78 , $ 28.78 , $ 28.78 , $ 28.78 , $ 28.78 , $ 28.78 , $ 28.78 , $ 28.78 , $ 28.78 , $ 28.78 , $ 28.78 , $ 28.78 , $ 345.35 
Cancun,1129,Transition Program Cancun,PROGRAMA TRANSICIÓN CUN,PROGRAMA TRANSICIÓN,Internet,Intermet,Intermet, $ 310.00 , $ 310.00 , $ 310.00 , $ 310.00 , $ 310.00 , $ 310.00 , $ 310.00 , $ 310.00 , $ 310.00 , $ 310.00 , $ 310.00 , $ 310.00 ," $ 3,720.00 ",,,,, $ 18.02 , $ 18.02 , $ 18.02 , $ 18.02 , $ 18.02 , $ 18.02 , $ 18.02 , $ 18.02 , $ 18.02 , $ 18.02 , $ 18.02 , $ 18.02 , $ 216.28 
Cancun,1130,Transition Program Cancun,PROGRAMA TRANSICIÓN CUN,PROGRAMA TRANSICIÓN,Gasolina,Fuel,Gasolina," $ 3,690.00 "," $ 3,690.00 "," $ 3,690.00 "," $ 3,690.00 "," $ 3,690.00 "," $ 3,690.00 "," $ 3,690.00 "," $ 3,690.00 "," $ 3,690.00 "," $ 3,690.00 "," $ 3,690.00 "," $ 3,690.00 "," $ 44,280.00 ",,,,, $ 214.53 , $ 214.53 , $ 214.53 , $ 214.53 , $ 214.53 , $ 214.53 , $ 214.53 , $ 214.53 , $ 214.53 , $ 214.53 , $ 214.53 , $ 214.53 ," $ 2,574.42 "
Cancun,1131,Transition Program Cancun,PROGRAMA TRANSICIÓN CUN,PROGRAMA TRANSICIÓN,Seguros y Fianzas,Insurance & Plates,Tenencias y seguros de vehículos," $ 1,845.00 "," $ 1,845.00 "," $ 1,845.00 "," $ 1,845.00 "," $ 1,845.00 "," $ 1,845.00 "," $ 1,845.00 "," $ 1,845.00 "," $ 1,845.00 "," $ 1,845.00 "," $ 1,845.00 "," $ 1,845.00 "," $ 22,140.00 ",,,,, $ 107.27 , $ 107.27 , $ 107.27 , $ 107.27 , $ 107.27 , $ 107.27 , $ 107.27 , $ 107.27 , $ 107.27 , $ 107.27 , $ 107.27 , $ 107.27 ," $ 1,287.21 "
Cancun,1132,Transition Program Cancun,PROGRAMA TRANSICIÓN CUN,PROGRAMA TRANSICIÓN,Mtto. Eq de Transporte,Vehicles maintenance,Mantenimiento de vehículos," $ 1,535.00 "," $ 1,535.00 "," $ 1,535.00 "," $ 1,535.00 "," $ 1,535.00 "," $ 1,535.00 "," $ 1,535.00 "," $ 1,535.00 "," $ 1,535.00 "," $ 1,535.00 "," $ 1,535.00 "," $ 1,535.00 "," $ 18,420.00 ",,,,, $ 89.24 , $ 89.24 , $ 89.24 , $ 89.24 , $ 89.24 , $ 89.24 , $ 89.24 , $ 89.24 , $ 89.24 , $ 89.24 , $ 89.24 , $ 89.24 ," $ 1,070.93 "
Cancun,1133,Transition Program Cancun,PROGRAMA TRANSICIÓN CUN,PROGRAMA TRANSICIÓN,Otros Impuestos y Derechos,Chofer License,Licencias de conducir, $ 500.00 , $ 500.00 , $ 500.00 , $ 500.00 , $ 500.00 , $ 500.00 , $ 500.00 , $ 500.00 , $ 500.00 , $ 500.00 , $ 500.00 , $ 500.00 ," $ 6,000.00 ",,,,, $ 29.07 , $ 29.07 , $ 29.07 , $ 29.07 , $ 29.07 , $ 29.07 , $ 29.07 , $ 29.07 , $ 29.07 , $ 29.07 , $ 29.07 , $ 29.07 , $ 348.84 
Cancun,1134,Transition Program Cancun,PROGRAMA TRANSICIÓN CUN,PROGRAMA TRANSICIÓN,Mtto. a Instalaciones,Facilities Maintenance,"Mantenimiento del CCTR
(Reparacion, alumbrado, grietas, desague, retiro de salitre, entro otros)"," $ 1,170.00 "," $ 1,170.00 "," $ 1,170.00 "," $ 1,170.00 "," $ 1,170.00 "," $ 1,170.00 "," $ 1,170.00 "," $ 1,170.00 "," $ 1,170.00 "," $ 1,170.00 "," $ 1,170.00 "," $ 1,170.00 "," $ 14,040.00 ",,,,, $ 68.02 , $ 68.02 , $ 68.02 , $ 68.02 , $ 68.02 , $ 68.02 , $ 68.02 , $ 68.02 , $ 68.02 , $ 68.02 , $ 68.02 , $ 68.02 , $ 816.28 
Cancun,1135,Transition Program Cancun,PROGRAMA TRANSICIÓN CUN,PROGRAMA TRANSICIÓN,Papelería y Artes de Oficina,Stationery and general office supplies,Papelería y artículos de oficina / Mantenimiento y equipo de oficina," $ 1,450.00 "," $ 1,450.00 "," $ 1,450.00 "," $ 1,450.00 "," $ 1,450.00 "," $ 1,450.00 "," $ 1,450.00 ",," $ 1,450.00 "," $ 1,450.00 "," $ 1,450.00 ",," $ 14,500.00 ",,,,, $ 84.30 , $ 84.30 , $ 84.30 , $ 84.30 , $ 84.30 , $ 84.30 , $ 84.30 ,, $ 84.30 , $ 84.30 , $ 84.30 ,, $ 843.02 
Cancun,1136,Transition Program Cancun,PROGRAMA TRANSICIÓN CUN,PROGRAMA TRANSICIÓN,Productos de Limpieza,Cleaning supplies,Suministros de limpieza, $ 615.00 , $ 615.00 , $ 615.00 , $ 615.00 , $ 615.00 , $ 615.00 , $ 615.00 , $ 615.00 , $ 615.00 , $ 615.00 , $ 615.00 , $ 615.00 ," $ 7,380.00 ",,,,, $ 35.76 , $ 35.76 , $ 35.76 , $ 35.76 , $ 35.76 , $ 35.76 , $ 35.76 , $ 35.76 , $ 35.76 , $ 35.76 , $ 35.76 , $ 35.76 , $ 429.07 
Cancun,1137,Transition Program Cancun,PROGRAMA TRANSICIÓN CUN,PROGRAMA TRANSICIÓN,Equipo de Cómputo,Computers equipment for students,Equipo de cómputo para universitarios,,,,,,," $ 28,000.00 ",,,,,," $ 28,000.00 ",,,,,,,,,,," $ 1,627.91 ",,,,,," $ 1,627.91 "
Cancun,1138,Transition Program Cancun,PROGRAMA TRANSICIÓN CUN,PROGRAMA TRANSICIÓN,Alimentos,Food for students,Alimentos para estudiantes," $ 10,000.00 "," $ 10,000.00 "," $ 10,000.00 "," $ 10,000.00 "," $ 10,000.00 "," $ 10,000.00 "," $ 10,000.00 ",," $ 10,000.00 "," $ 10,000.00 "," $ 10,000.00 ",," $ 100,000.00 ",,,,, $ 581.40 , $ 581.40 , $ 581.40 , $ 581.40 , $ 581.40 , $ 581.40 , $ 581.40 ,, $ 581.40 , $ 581.40 , $ 581.40 ,," $ 5,813.95 "
Cancun,1139,Transition Program Cancun,PROGRAMA TRANSICIÓN CUN,PROGRAMA TRANSICIÓN,Licencias,Microsoft Office License (1yr),Licencias Microsoft," $ 9,200.00 ",,,,,,,,,,,," $ 9,200.00 ",,,,, $ 534.88 ,,,,,,,,,,,, $ 534.88 
Cancun,1140,Transition Program Cancun,PROGRAMA TRANSICIÓN CUN,PROGRAMA TRANSICIÓN,Desarrollo Educativo,Class materials (holistic care),Materiales para clases (holísitco de atención)," $ 2,500.00 "," $ 2,500.00 "," $ 2,500.00 "," $ 2,500.00 "," $ 2,500.00 "," $ 2,500.00 "," $ 2,500.00 ",," $ 2,500.00 "," $ 2,500.00 "," $ 2,500.00 ",," $ 25,000.00 ",,,,, $ 145.35 , $ 145.35 , $ 145.35 , $ 145.35 , $ 145.35 , $ 145.35 , $ 145.35 ,, $ 145.35 , $ 145.35 , $ 145.35 ,," $ 1,453.49 "
Cancun,1141,Transition Program Cancun,PROGRAMA TRANSICIÓN CUN,PROGRAMA TRANSICIÓN,Desarrollo Educativo,Connection activities for students,"Actividad de conexión, salidas y experiencias"," $ 3,000.00 ",,," $ 3,000.00 ",,," $ 3,000.00 ",,,," $ 3,000.00 ",," $ 12,000.00 ",,,,, $ 174.42 ,,, $ 174.42 ,,, $ 174.42 ,,,, $ 174.42 ,, $ 697.67 
Cancun,1142,Transition Program Cancun,PROGRAMA TRANSICIÓN CUN,PROGRAMA TRANSICIÓN,Desarrollo Emocional,Psychology materials,Materiales de psicología, $ 500.00 , $ 500.00 , $ 500.00 , $ 500.00 , $ 500.00 , $ 500.00 , $ 500.00 ,, $ 500.00 , $ 500.00 , $ 500.00 ,," $ 5,000.00 ",,,,, $ 29.07 , $ 29.07 , $ 29.07 , $ 29.07 , $ 29.07 , $ 29.07 , $ 29.07 ,, $ 29.07 , $ 29.07 , $ 29.07 ,, $ 290.70 
Cancun,1143,Transition Program Cancun,PROGRAMA TRANSICIÓN CUN,PROGRAMA TRANSICIÓN,Entrenamientos,Training for staff,Entrenamiento de staff," $ 5,000.00 ",,,,,,,,,,,," $ 5,000.00 ",,,,, $ 290.70 ,,,,,,,,,,,, $ 290.70 
Cancun,1144,Transition Program Cancun,PROGRAMA TRANSICIÓN CUN,PROGRAMA TRANSICIÓN,Matrículas,Educational scholarships,Apoyo Educativo," $ 34,500.00 "," $ 11,500.00 "," $ 11,500.00 "," $ 11,500.00 "," $ 11,500.00 "," $ 11,500.00 "," $ 39,000.00 "," $ 13,000.00 "," $ 13,000.00 "," $ 13,000.00 "," $ 13,000.00 "," $ 13,000.00 "," $ 196,000.00 ",,,,," $ 2,005.81 ", $ 668.60 , $ 668.60 , $ 668.60 , $ 668.60 , $ 668.60 ," $ 2,267.44 ", $ 755.81 , $ 755.81 , $ 755.81 , $ 755.81 , $ 755.81 ," $ 11,395.35 "
Cancun,1145,Transition Program Cancun,PROGRAMA TRANSICIÓN CUN,PROGRAMA TRANSICIÓN,Celebraciones,"Celebrations (graduations, beginning and end of the school year)","Celebraciones (graduaciones, inicio y fin de ciclo)",,,,,," $ 10,000.00 ",,,,,,," $ 10,000.00 ",,,,,,,,,, $ 581.40 ,,,,,,, $ 581.40 
Cancun,1146,,,,,,,,,,,,,,,,,,,,,,,,,,,,,,,,,,,,
Cancun,1147,Strong Families Cancun,FAMILIAS FUERTES CUN,FAMILIAS FUERTES,Nóminas,,," $ 400,279.27 "," $ 400,279.27 "," $ 400,279.27 "," $ 400,279.27 "," $ 400,279.27 "," $ 400,279.27 "," $ 400,279.27 "," $ 400,279.27 "," $ 400,279.27 "," $ 400,279.27 "," $ 400,279.27 "," $ 400,279.27 "," $ 4,803,351.24 ",,,,," $ 23,272.05 "," $ 23,272.05 "," $ 23,272.05 "," $ 23,272.05 "," $ 23,272.05 "," $ 23,272.05 "," $ 23,272.05 "," $ 23,272.05 "," $ 23,272.05 "," $ 23,272.05 "," $ 23,272.05 "," $ 23,272.05 "," $ 279,264.61 "
Cancun,1148,Hope Program Cancun,PROGRAMA ESPERANZA CUN,PROGRAMA ESPERANZA,Nóminas,,," $ 66,077.69 "," $ 66,077.69 "," $ 66,077.69 "," $ 66,077.69 "," $ 66,077.69 "," $ 66,077.69 "," $ 66,077.69 "," $ 66,077.69 "," $ 66,077.69 "," $ 66,077.69 "," $ 66,077.69 "," $ 66,077.69 "," $ 792,932.28 ",,,,," $ 3,841.73 "," $ 3,841.73 "," $ 3,841.73 "," $ 3,841.73 "," $ 3,841.73 "," $ 3,841.73 "," $ 3,841.73 "," $ 3,841.73 "," $ 3,841.73 "," $ 3,841.73 "," $ 3,841.73 "," $ 3,841.73 "," $ 46,100.71 "
Cancun,1149,Transition Program Cancun,PROGRAMA TRANSICIÓN CUN,PROGRAMA TRANSICIÓN,Nóminas,,," $ 64,785.09 "," $ 64,785.09 "," $ 64,785.09 "," $ 64,785.09 "," $ 64,785.09 "," $ 64,785.09 "," $ 64,785.09 "," $ 64,785.09 "," $ 64,785.09 "," $ 64,785.09 "," $ 64,785.09 "," $ 64,785.09 "," $ 777,421.08 ",,,,," $ 3,766.58 "," $ 3,766.58 "," $ 3,766.58 "," $ 3,766.58 "," $ 3,766.58 "," $ 3,766.58 "," $ 3,766.58 "," $ 3,766.58 "," $ 3,766.58 "," $ 3,766.58 "," $ 3,766.58 "," $ 3,766.58 "," $ 45,198.90 "
Cancun,1150,International Operations,OPERACIONES CUN,OPERACIONES DEL SITIO,Nóminas,,," $ 173,591.63 "," $ 173,591.63 "," $ 173,591.63 "," $ 173,591.63 "," $ 173,591.63 "," $ 173,591.63 "," $ 173,591.63 "," $ 173,591.63 "," $ 173,591.63 "," $ 173,591.63 "," $ 173,591.63 "," $ 173,591.63 "," $ 2,083,099.56 ",,,,," $ 10,092.54 "," $ 10,092.54 "," $ 10,092.54 "," $ 10,092.54 "," $ 10,092.54 "," $ 10,092.54 "," $ 10,092.54 "," $ 10,092.54 "," $ 10,092.54 "," $ 10,092.54 "," $ 10,092.54 "," $ 10,092.54 "," $ 121,110.44 "
Cancun,1151,Reggio Emilia,PROGRAMA EDUCATIVO CUN,REGGIO EMILIA,Nóminas,,," $ 113,451.96 "," $ 113,451.96 "," $ 113,451.96 "," $ 113,451.96 "," $ 113,451.96 "," $ 113,451.96 "," $ 113,451.96 "," $ 113,451.96 "," $ 113,451.96 "," $ 113,451.96 "," $ 113,451.96 "," $ 113,451.96 "," $ 1,361,423.52 ",,,,," $ 6,596.04 "," $ 6,596.04 "," $ 6,596.04 "," $ 6,596.04 "," $ 6,596.04 "," $ 6,596.04 "," $ 6,596.04 "," $ 6,596.04 "," $ 6,596.04 "," $ 6,596.04 "," $ 6,596.04 "," $ 6,596.04 "," $ 79,152.53 "
Cancun,1152,International Operations,DESARROLLO CUN,DESARROLLO,Nóminas,,," $ 16,674.14 "," $ 16,674.14 "," $ 16,674.14 "," $ 16,674.14 "," $ 16,674.14 "," $ 16,674.14 "," $ 16,674.14 "," $ 16,674.14 "," $ 16,674.14 "," $ 16,674.14 "," $ 16,674.14 "," $ 16,674.14 "," $ 200,089.68 ",,,,, $ 969.43 , $ 969.43 , $ 969.43 , $ 969.43 , $ 969.43 , $ 969.43 , $ 969.43 , $ 969.43 , $ 969.43 , $ 969.43 , $ 969.43 , $ 969.43 ," $ 11,633.12 "
Cancun,1153,Ministry Partnerships Cancun,,,,Ministry Partnership designated US donations,$1200 USD /year," $ 1,700.00 "," $ 1,700.00 "," $ 1,700.00 "," $ 1,700.00 "," $ 1,700.00 "," $ 1,700.00 "," $ 1,700.00 "," $ 1,700.00 "," $ 1,700.00 "," $ 1,700.00 "," $ 1,700.00 "," $ 1,700.00 "," $ 20,400.00 ",,,,, $ 98.84 , $ 98.84 , $ 98.84 , $ 98.84 , $ 98.84 , $ 98.84 , $ 98.84 , $ 98.84 , $ 98.84 , $ 98.84 , $ 98.84 , $ 98.84 ," $ 1,186.05 "
Cancun,1154,US Paid Meals: Ops Dir,,,,Jeremy - Meals,,,,,,,,, $ 850.00 ,,,,, $ 850.00 ,,,,,,,,,,,, $ 49.42 ,,,,, $ 49.42 
Cancun,1155,US Paid Travel: Ops Dir,,,,Jeremy - Travel,,,,,,," $ 10,200.00 ",,,,,,," $ 10,200.00 ",,,,,,,,,, $ 593.02 ,,,,,,, $ 593.02 
Cancun,1156,US Paid Meals: ECT,,,,2 people from Care Team - in place of Beth,Staff retreat,,,," $ 34,000.00 ",,,,,,,,," $ 34,000.00 ",,,,,,,," $ 1,976.74 ",,,,,,,,," $ 1,976.74 "
Cancun,1157,US Paid Travel: ECT,,,,Staff Care Trip,,,,,,,,,,,," $ 17,000.00 ",," $ 17,000.00 ",,,,,,,,,,,,,,, $ 988.37 ,, $ 988.37 
Cancun,1158,US Paid Meals: ECT,,,,Staff Care Trip,,,,," $ 2,550.00 ",,,,,,,,," $ 2,550.00 ",,,,,,,, $ 148.26 ,,,,,,,,, $ 148.26 
Cancun,1159,US Paid Meals: Ops Dir,,,,Travis - Meals,,,, $ 850.00 ,,,,,,,,,, $ 850.00 ,,,,,,, $ 49.42 ,,,,,,,,,, $ 49.42 
Cancun,1160,US Paid Travel: Ops Dir,,,,Travis - Travel,," $ 10,200.00 ",,,,,,,,,,,," $ 10,200.00 ",,,,, $ 593.02 ,,,,,,,,,,,, $ 593.02 